{"UpdateTimes": 1, "StartSite": 461, "LoopLength": 4, "Episode": 2, "Trajectory": [461, 493, 494, 462], "ActionStats": [0.14924587863907401, 0.13995089442300948, 0.14380918975797966, 0.1459137144861452, 0.14521220624342335, 0.1369694843914416, 0.1388986320589267, 0.0], "Steps": 5702, "EnclosedArea": 0.0, "AcceptanceRatio": 50.0}
{"UpdateTimes": 2, "StartSite": 927, "LoopLength": 4, "Episode": 2, "Trajectory": [927, 926, 894, 895], "ActionStats": [0.144987146529563, 0.14087403598971723, 0.1455012853470437, 0.14303341902313624, 0.145706940874036, 0.1375835475578406, 0.14231362467866324, 0.0], "Steps": 9725, "EnclosedArea": 0.0, "AcceptanceRatio": 100.0}
{"UpdateTimes": 3, "StartSite": 371, "LoopLength": 4, "Episode": 3, "Trajectory": [371, 339, 340, 372], "ActionStats": [0.18841344378198702, 0.13238009813749801, 0.13918640848414499, 0.13533477549728276, 0.13686487627288557, 0.1325911465203398, 0.13522925130586186, 0.0], "Steps": 18953, "EnclosedArea": 0.0, "AcceptanceRatio": 100.0}
{"UpdateTimes": 4, "StartSite": 2, "LoopLength": 4, "Episode": 3, "Trajectory": [2, 3, 995, 994], "ActionStats": [0.18637686979218954, 0.13256701134424254, 0.13924304788675837, 0.13537797409898605, 0.13788776227286417, 0.13281799016163034, 0.135729344443329, 0.0], "Steps": 19922, "EnclosedArea": 0.0, "AcceptanceRatio": 133.33333333333334}
{"UpdateTimes": 5, "StartSite": 456, "LoopLength": 4, "Episode": 3, "Trajectory": [456, 488, 487, 455], "ActionStats": [0.18532249631636485, 0.1328009886401445, 0.14007319739531346, 0.13532011977755598, 0.1379343124673226, 0.1325633347592566, 0.13598555064404202, 0.0], "Steps": 21039, "EnclosedArea": 0.0, "AcceptanceRatio": 166.66666666666666}
{"UpdateTimes": 6, "StartSite": 703, "LoopLength": 6, "Episode": 3, "Trajectory": [703, 672, 640, 639, 638, 670], "ActionStats": [0.17360746879261513, 0.13430539529354174, 0.13965523270044408, 0.1411238155180251, 0.13713766215601944, 0.1346900241267177, 0.13948040141263682, 0.0], "Steps": 28599, "EnclosedArea": 2.0, "AcceptanceRatio": 200.0}
{"UpdateTimes": 7, "StartSite": 892, "LoopLength": 4, "Episode": 3, "Trajectory": [892, 860, 859, 891], "ActionStats": [0.16464118917290213, 0.13694571385527043, 0.13895445186561542, 0.14189223120574498, 0.1391051072163913, 0.1371465876563049, 0.1413147190277708, 0.0], "Steps": 39826, "EnclosedArea": 0.0, "AcceptanceRatio": 233.33333333333334}
{"UpdateTimes": 8, "StartSite": 538, "LoopLength": 4, "Episode": 3, "Trajectory": [538, 537, 569, 570], "ActionStats": [0.16103976163567246, 0.13864173430596938, 0.14003904243296003, 0.142381588410562, 0.14047056406041303, 0.1361142504880304, 0.14131305866639268, 0.0], "Steps": 48665, "EnclosedArea": 0.0, "AcceptanceRatio": 266.6666666666667}
{"UpdateTimes": 9, "StartSite": 504, "LoopLength": 4, "Episode": 3, "Trajectory": [504, 505, 536, 537], "ActionStats": [0.16045406972063442, 0.13873681668142662, 0.13980355848965462, 0.14250060381611787, 0.14060864664680783, 0.13624104339425167, 0.141655261251107, 0.0], "Steps": 49684, "EnclosedArea": 0.0, "AcceptanceRatio": 300.0}
{"UpdateTimes": 10, "StartSite": 695, "LoopLength": 4, "Episode": 3, "Trajectory": [695, 727, 726, 694], "ActionStats": [0.15591106290672452, 0.13965714630031334, 0.14069655338635817, 0.1425946011087009, 0.1411936611231622, 0.13724692697035432, 0.1427000482043866, 0.0], "Steps": 66384, "EnclosedArea": 0.0, "AcceptanceRatio": 333.3333333333333}
{"UpdateTimes": 11, "StartSite": 793, "LoopLength": 4, "Episode": 3, "Trajectory": [793, 761, 760, 792], "ActionStats": [0.15590361445783132, 0.13965361445783134, 0.1407078313253012, 0.1425753012048193, 0.14120481927710843, 0.1372289156626506, 0.14272590361445783, 0.0], "Steps": 66400, "EnclosedArea": 0.0, "AcceptanceRatio": 366.6666666666667}
{"UpdateTimes": 12, "StartSite": 210, "LoopLength": 4, "Episode": 3, "Trajectory": [210, 242, 241, 209], "ActionStats": [0.15423034013958437, 0.14040162934903874, 0.14193238720390214, 0.1418156344861583, 0.1412059258490517, 0.137871987131256, 0.14254209584100874, 0.0], "Steps": 77086, "EnclosedArea": 0.0, "AcceptanceRatio": 400.0}
{"UpdateTimes": 13, "StartSite": 816, "LoopLength": 4, "Episode": 3, "Trajectory": [816, 848, 817, 849], "ActionStats": [0.15336182507674712, 0.14049238548124962, 0.14244266538253175, 0.14190092096550894, 0.14103412989827244, 0.13837356287244928, 0.14239451032324082, 0.0], "Steps": 83065, "EnclosedArea": 0.0, "AcceptanceRatio": 433.3333333333333}
{"UpdateTimes": 14, "StartSite": 189, "LoopLength": 4, "Episode": 3, "Trajectory": [189, 157, 158, 190], "ActionStats": [0.15263417035942886, 0.1405883228561941, 0.1427982549551716, 0.14187077049912405, 0.1413898526330253, 0.13842419245874985, 0.14229443623830626, 0.0], "Steps": 87333, "EnclosedArea": 0.0, "AcceptanceRatio": 466.6666666666667}
{"UpdateTimes": 15, "StartSite": 841, "LoopLength": 4, "Episode": 3, "Trajectory": [841, 809, 840, 808], "ActionStats": [0.1520134775283952, 0.1407206130101625, 0.14277484919297864, 0.14225313841639042, 0.14164447584370415, 0.13829683169392967, 0.14229661431443943, 0.0], "Steps": 92005, "EnclosedArea": 0.0, "AcceptanceRatio": 500.0}
{"UpdateTimes": 16, "StartSite": 639, "LoopLength": 6, "Episode": 3, "Trajectory": [639, 606, 605, 637, 670, 671], "ActionStats": [0.151727231006717, 0.14085902624222954, 0.14320580750135592, 0.14196462096875131, 0.14141182360549043, 0.13861654637239768, 0.14221494430305812, 0.0], "Steps": 95876, "EnclosedArea": 1.0, "AcceptanceRatio": 533.3333333333334}
{"UpdateTimes": 17, "StartSite": 816, "LoopLength": 4, "Episode": 3, "Trajectory": [816, 848, 849, 817], "ActionStats": [0.1516760358109515, 0.14078700811992503, 0.14323339579429523, 0.14208827815948366, 0.14129710597543202, 0.1385904642931501, 0.14232771184676243, 0.0], "Steps": 96060, "EnclosedArea": 0.0, "AcceptanceRatio": 566.6666666666666}
{"UpdateTimes": 18, "StartSite": 734, "LoopLength": 4, "Episode": 3, "Trajectory": [734, 733, 765, 766], "ActionStats": [0.1507432718367053, 0.14112710803778036, 0.14286486048458982, 0.14190144332495971, 0.1415052717826819, 0.13924529321196077, 0.14261275132132215, 0.0], "Steps": 111063, "EnclosedArea": 0.0, "AcceptanceRatio": 600.0}
{"UpdateTimes": 19, "StartSite": 123, "LoopLength": 4, "Episode": 3, "Trajectory": [123, 124, 91, 92], "ActionStats": [0.15032525531699753, 0.14106474771647173, 0.14262361387306616, 0.14196636219623177, 0.14146921028683138, 0.13961542350601638, 0.14293538710438505, 0.0], "Steps": 118676, "EnclosedArea": 0.0, "AcceptanceRatio": 633.3333333333334}
